,dataset,error_rate,CBA_count,CBA_RG_runtime,CBA_CB_runtime,rule_count
0,German,0.001,1330,23.717475366592407,0.2710582733154297,78
1,Australian,0.0014492753623188406,705,4.453584027290344,0.16273272037506104,68
2,Crx,0.003076923076923077,807,5.928853535652161,0.13987212181091307,65
3,Hepatitis,0.026666666666666665,1670,26.12617120742798,0.03445358276367187,67
4,Ionosphere,0.0,1857,25.21700565814972,0.09056746959686279,30
5,Pumpkin,0.006,1143,25.400161266326904,1.3368274211883544,119
6,Mushroom,0.03723404255319148,1427,11.383380103111268,1.0668819189071654,27
7,Diabetes,0.0038461538461538464,2043,4.306954431533813,0.0914320707321167,30
