,dataset,error_rate,CBA_count,CBA_RG_runtime,CBA_CB_runtime,rule_count
0,German,0.0,1297,17.498590970039366,0.27698416709899903,83
1,Australian,0.0,682,4.265185141563416,0.13607449531555177,62
2,Crx,0.013846153846153847,855,9.494844055175781,0.12946865558624268,59
3,Hepatitis,0.006666666666666666,1626,27.052628993988037,0.03901441097259521,68
4,Ionosphere,0.0,1645,3.042691206932068,0.10218868255615235,31
5,Pumpkin,0.0,1091,17.66810519695282,1.2499437570571899,124
6,Mushroom,0.026008890220757162,1824,18.92282290458679,1.0308860540390015,31
7,Diabetes,0.0038461538461538464,2087,3.018013429641724,0.07186932563781738,28
